1111111;Aluno de Numero 1;aluno1@jetty.com.br;4
2111111;Aluno de Numero 2;aluno2@jetty.com.br;4
3111111;Aluno de Numero 3;aluno3@jetty.com.br;4
4111111;Aluno de Numero 4;aluno4@jetty.com.br;4
5111111;Aluno de Numero 5;aluno5@jetty.com.br;4
6111111;Aluno de Numero 6;aluno6@jetty.com.br;4
2111111;Docente Numero 1;docente1@jetty.com.br;1
2211111;Docente Numero 2;docente2@jetty.com.br;1
2311111;Docente Numero 3;docente3@jetty.com.br;1
2411111;Docente Numero 4;docente4@jetty.com.br;1
2511111;Docente Numero 5;docente5@jetty.com.br;1
2611111;Docente Numero 6;docente6@jetty.com.br;1
2711111;Docente Numero 7;docente7@jetty.com.br;1
2811111;Docente Numero 8;docente8@jetty.com.br;1
2911111;Docente Numero 9;docente9@jetty.com.br;1
3011111;Docente Numero 10;docente10@jetty.com.br;1
